{"cameraMode":{"drawMode":0,"name":"Shaded","section":"Shading Mode"},"sceneLighting":false,"audioPlay":false,"sceneViewState":{"showFog":false,"showMaterialUpdate":false,"showSkybox":false,"showFlares":true,"showImageEffects":true,"showParticleSystems":true},"in2DMode":false,"pivot":{"x":-1.5234746932983399,"y":10.110933303833008,"z":7.15789270401001},"rotation":{"x":-0.12417969852685929,"y":0.4857744574546814,"z":-0.06957187503576279,"w":-0.8625556230545044},"size":18.608501434326173,"orthographic":false}