{"cameraMode":{"drawMode":0,"name":"Shaded","section":"Shading Mode"},"sceneLighting":false,"audioPlay":false,"sceneViewState":{"showFog":false,"showMaterialUpdate":false,"showSkybox":false,"showFlares":true,"showImageEffects":true,"showParticleSystems":true},"in2DMode":false,"pivot":{"x":45.32606506347656,"y":1.69818913936615,"z":-1.1195895671844483},"rotation":{"x":-0.09159652143716812,"y":-0.5920252203941345,"z":0.0679706260561943,"w":-0.7978082895278931},"size":5.004109859466553,"orthographic":false}