{"cameraMode":{"drawMode":0,"name":"Shaded","section":"Shading Mode"},"sceneLighting":false,"audioPlay":false,"sceneViewState":{"showFog":false,"showMaterialUpdate":false,"showSkybox":false,"showFlares":true,"showImageEffects":true,"showParticleSystems":true},"in2DMode":false,"pivot":{"x":5.960464477539063e-8,"y":0.8863580226898193,"z":-0.00444406270980835},"rotation":{"x":-0.15714336931705476,"y":-0.017827849835157396,"z":0.0039959922432899479,"w":-0.9876289963722229},"size":4.5325117111206059,"orthographic":false}