{"cameraMode":{"drawMode":0,"name":"Shaded","section":"Shading Mode"},"sceneLighting":false,"audioPlay":false,"sceneViewState":{"showFog":false,"showMaterialUpdate":false,"showSkybox":false,"showFlares":true,"showImageEffects":true,"showParticleSystems":true},"in2DMode":false,"pivot":{"x":1.5357472896575928,"y":0.1432650089263916,"z":0.06083250045776367},"rotation":{"x":-0.03902062773704529,"y":-0.08016554266214371,"z":0.005204412620514631,"w":-0.9962764382362366},"size":6.722410678863525,"orthographic":false}