{"cameraMode":{"drawMode":0,"name":"Shaded","section":"Shading Mode"},"sceneLighting":false,"audioPlay":false,"sceneViewState":{"showFog":false,"showMaterialUpdate":false,"showSkybox":false,"showFlares":true,"showImageEffects":true,"showParticleSystems":true},"in2DMode":false,"pivot":{"x":5.5663323402404789,"y":0.2000288963317871,"z":2.9759678840637209},"rotation":{"x":-0.09766024351119995,"y":-0.006072950549423695,"z":0.0008566492469981313,"w":-0.9953159093856812},"size":10.913586616516114,"orthographic":false}