{"cameraMode":{"drawMode":0,"name":"Shaded","section":"Shading Mode"},"sceneLighting":false,"audioPlay":false,"sceneViewState":{"showFog":false,"showMaterialUpdate":false,"showSkybox":false,"showFlares":true,"showImageEffects":true,"showParticleSystems":true},"in2DMode":false,"pivot":{"x":35.48503494262695,"y":1.5000503063201905,"z":8.74674129486084},"rotation":{"x":0.05152425542473793,"y":0.28127145767211916,"z":-0.01726027950644493,"w":0.9583727121353149},"size":8.552593231201172,"orthographic":false}