{"cameraMode":{"drawMode":0,"name":"Shaded","section":"Shading Mode"},"sceneLighting":true,"audioPlay":false,"sceneViewState":{"showFog":false,"showMaterialUpdate":false,"showSkybox":true,"showFlares":true,"showImageEffects":true,"showParticleSystems":true},"in2DMode":false,"pivot":{"x":43.761260986328128,"y":54.107627868652347,"z":20.214691162109376},"rotation":{"x":-0.16887132823467256,"y":-0.03851776197552681,"z":0.006948059890419245,"w":-0.9849846363067627},"size":155.1859893798828,"orthographic":false}