{"cameraMode":{"drawMode":0,"name":"Shaded","section":"Shading Mode"},"sceneLighting":false,"audioPlay":false,"sceneViewState":{"showFog":false,"showMaterialUpdate":false,"showSkybox":false,"showFlares":true,"showImageEffects":true,"showParticleSystems":true},"in2DMode":false,"pivot":{"x":1.1399999856948853,"y":2.390000104904175,"z":-5.039999961853027},"rotation":{"x":-0.1724085509777069,"y":-0.20236298441886903,"z":0.037432145327329639,"w":-0.9635202884674072},"size":10.839520454406739,"orthographic":false}