{"cameraMode":{"drawMode":0,"name":"Shaded","section":"Shading Mode"},"sceneLighting":false,"audioPlay":false,"sceneViewState":{"showFog":false,"showMaterialUpdate":false,"showSkybox":false,"showFlares":true,"showImageEffects":true,"showParticleSystems":true},"in2DMode":false,"pivot":{"x":57.25973129272461,"y":101.42545318603516,"z":-0.7499809265136719},"rotation":{"x":-0.1511860489845276,"y":0.02485201694071293,"z":-0.003775583580136299,"w":-0.9882320165634155},"size":31.995040893554689,"orthographic":false}