{"cameraMode":{"drawMode":0,"name":"Shaded","section":"Shading Mode"},"sceneLighting":false,"audioPlay":false,"sceneViewState":{"showFog":false,"showMaterialUpdate":false,"showSkybox":false,"showFlares":true,"showImageEffects":true,"showParticleSystems":true},"in2DMode":false,"pivot":{"x":45.35346603393555,"y":1.5995399951934815,"z":0.4588613510131836},"rotation":{"x":-0.09581989049911499,"y":-0.28616368770599368,"z":0.030934002250432969,"w":-0.9531605243682861},"size":8.187905311584473,"orthographic":false}