{"cameraMode":{"drawMode":0,"name":"Shaded","section":"Shading Mode"},"sceneLighting":false,"audioPlay":false,"sceneViewState":{"showFog":false,"showMaterialUpdate":false,"showSkybox":false,"showFlares":true,"showImageEffects":true,"showParticleSystems":true},"in2DMode":false,"pivot":{"x":3.6612682342529299,"y":0.01694345474243164,"z":-1.8002629280090333},"rotation":{"x":-0.14881694316864015,"y":0.5601968169212341,"z":-0.10272778570652008,"w":-0.8085270524024963},"size":14.932698249816895,"orthographic":false}